<?xml version="1.0" encoding="UTF-8"?>
<!DOCTYPE mapper PUBLIC "-//mybatis.org//DTD Mapper 3.0//EN"
"http://mybatis.org/dtd/mybatis-3-mapper.dtd">
<mapper namespace="memberSQL">
	<resultMap id="resultMember"  type="Member" >
	
	</resultMap>
	<insert id="insertMember"  parameterType="Member">
		
			INSERT INTO MEMBER VALUES(
				#{userId}, #{userPwd}, #{empName},
				#{gender}, #{email}, #{phone},
				#{address}, #{empNo},#{dept},#{position}
			)
		</insert>
	<select id="selectOneMember"  parameterType="String"  resultMap="resultMember">
		SELECT * FROM MEMBER WHERE USERID = #{userId}
	</select>
	<update id="updateMember" parameterType="Member">
		UPDATE MEMBER 
		SET USERID = #{userId}, USERPWD=#{userPwd}, EMP_NAME = #{ empName }, GENDER = #{gender},
		EMAIL=#{email}, PHONE = #{phone}, ADDRESS = #{ address }, EMP_NO = #{empNo},
		DEPT=#{dept}, POSITION=#{position} 
		WHERE USERID = #{ userId }
	</update>
	
	<delete id="deleteMember"  parameterType ="string">
		DELETE FROM MEMBER WHERE USERID= #{ userId}
	</delete>
	
	<select id = "checkIdDuplicate"  statementType="CALLABLE" parameterType ="hashmap">
		{ CALL ID_DUP_CHECK(#{userId,mode=IN, jdbcType=VARCHAR}, 
											#{result,mode=OUT, jdbcType=NUMERIC, javaType=integer}) }
	</select>
</mapper>