<?xml version="1.0" encoding="UTF-8"?>
<!DOCTYPE mapper PUBLIC "-//mybatis.org//DTD Mapper 3.0//EN"
"http://mybatis.org/dtd/mybatis-3-mapper.dtd">
<mapper namespace="inSQL">

	<insert id="insertIn" parameterType="PdVo">
		INSERT INTO IN_MANAGEMENT (INCODE, PROCODE, INNUM, INPUTDATE)
		VALUES (IN_SEQ.NEXTVAL, #{ procode }, #{ inNum }, SYSDATE)
	</insert>

	<select id="selectinList" resultType="InManagement">
		SELECT *
		FROM IN_MANAGEMENT
		JOIN PRODUCT_MANAGEMENT USING(PROCODE)
		ORDER BY INCODE DESC
	</select>
	
	<select id="getProCodeList" resultType="PdVo">
		SELECT PROCODE FROM PRODUCT_MANAGEMENT
	</select>
	
	<select id="selectOneInManagement" parameterType="string" resultType="PdVo">
		SELECT * FROM PRODUCT_MANAGEMENT 
		WHERE PROCODE = #{ procode }
	</select>
	
	<update id="updateStock" parameterType="PdVo">
      UPDATE PRODUCT_MANAGEMENT 
      SET STOCK = STOCK + #{ inNum } WHERE PROCODE = #{procode}
    </update>  
	
	<select id="selectTotalIn" resultType="int">
		SELECT COUNT(*) FROM IN_MANAGEMENT
	</select>
	
	<select id="updateView" parameterType="string" resultType="InManagement">
		SELECT * FROM IN_MANAGEMENT WHERE INCODE = #{ incode }
	</select>
	
	<update id="updateList" parameterType="InManagement">
		UPDATE IN_MANAGEMENT
		SET PROCODE = #{ procode }, INNUM = #{ inNum }, INPUTDATE = SYSDATE
		WHERE INCODE = #{ incode }
	</update>
	
	<delete id="deleteList" parameterType="string">
		DELETE FROM IN_MANAGEMENT WHERE INCODE = #{ incode }
	</delete>
</mapper>
